ds,trend,yhat_lower,yhat_upper,trend_lower,trend_upper,additive_terms,additive_terms_lower,additive_terms_upper,weekly,weekly_lower,weekly_upper,multiplicative_terms,multiplicative_terms_lower,multiplicative_terms_upper,yhat
2023-11-09,2040.2506059,1537.736422000905,2393.652364743644,2040.2506059,2040.2506059,-79.75898537638798,-79.75898537638798,-79.75898537638798,-79.75898537638798,-79.75898537638798,-79.75898537638798,0.0,0.0,0.0,1960.491620523612
2023-11-10,2040.793058653245,1552.3373298700426,2406.468427990107,2040.793058653245,2040.793058653245,-69.99523354334607,-69.99523354334607,-69.99523354334607,-69.99523354334607,-69.99523354334607,-69.99523354334607,0.0,0.0,0.0,1970.797825109899
2023-11-11,2041.33551140649,1636.1148854276744,2474.916590634157,2041.33551140649,2041.33551140649,10.242979031699944,10.242979031699944,10.242979031699944,10.242979031699944,10.242979031699944,10.242979031699944,0.0,0.0,0.0,2051.57849043819
2023-11-12,2041.877964159735,1773.7235394934494,2630.8783588916995,2041.877964159735,2041.877964159735,168.2708017556009,168.2708017556009,168.2708017556009,168.2708017556009,168.2708017556009,168.2708017556009,0.0,0.0,0.0,2210.148765915336
2023-11-13,2042.4204169129798,1409.711404001575,2290.731422812919,2042.4204169129798,2042.4204169129798,-190.15030759338666,-190.15030759338666,-190.15030759338666,-190.15030759338666,-190.15030759338666,-190.15030759338666,0.0,0.0,0.0,1852.270109319593
2023-11-14,2042.962869666225,1712.4370134031046,2582.9413982925325,2042.962869666225,2042.962869666225,76.49658472223756,76.49658472223756,76.49658472223756,76.49658472223756,76.49658472223756,76.49658472223756,0.0,0.0,0.0,2119.4594543884627
2023-11-15,2043.5053224166106,1691.2336311055433,2559.108494092622,2043.5053224166106,2043.5053224166106,84.89416100475098,84.89416100475098,84.89416100475098,84.89416100475098,84.89416100475098,84.89416100475098,0.0,0.0,0.0,2128.3994834213618
2023-11-16,2044.0477751669962,1503.8561646064943,2398.190750241171,2044.0477751669962,2044.0477751669962,-79.75898537670368,-79.75898537670368,-79.75898537670368,-79.75898537670368,-79.75898537670368,-79.75898537670368,0.0,0.0,0.0,1964.2887897902924
2023-11-17,2044.5902279173815,1559.559042793603,2433.9974665882874,2044.5902279173815,2044.5902279173815,-69.9952335437005,-69.9952335437005,-69.9952335437005,-69.9952335437005,-69.9952335437005,-69.9952335437005,0.0,0.0,0.0,1974.594994373681
2023-11-18,2045.132680667767,1648.0337907256687,2470.7182810640415,2045.132680667767,2045.132680667767,10.242979031736454,10.242979031736454,10.242979031736454,10.242979031736454,10.242979031736454,10.242979031736454,0.0,0.0,0.0,2055.3756596995036
2023-11-19,2045.6751334181527,1729.2083682905268,2639.1539755645954,2045.6751334181527,2045.6751334181527,168.27080175539967,168.27080175539967,168.27080175539967,168.27080175539967,168.27080175539967,168.27080175539967,0.0,0.0,0.0,2213.9459351735522
2023-11-20,2046.2175856521728,1412.9274903230498,2254.1700344463356,2046.2175856521728,2046.2175856521728,-190.15030759336253,-190.15030759336253,-190.15030759336253,-190.15030759336253,-190.15030759336253,-190.15030759336253,0.0,0.0,0.0,1856.0672780588102
2023-11-21,2046.7600378861932,1674.388859893449,2560.740471367877,2046.7600378861932,2046.7600378861932,76.49658472228022,76.49658472228022,76.49658472228022,76.49658472228022,76.49658472228022,76.49658472228022,0.0,0.0,0.0,2123.2566226084737
2023-11-22,2047.3024901202134,1692.370277919726,2584.0050950078025,2047.3024901202134,2047.3024901202134,84.894161004856,84.894161004856,84.894161004856,84.894161004856,84.894161004856,84.894161004856,0.0,0.0,0.0,2132.1966511250694
2023-11-23,2047.8449423542336,1549.0642318096209,2382.993168785357,2047.8449423542336,2047.8449423542336,-79.75898537632497,-79.75898537632497,-79.75898537632497,-79.75898537632497,-79.75898537632497,-79.75898537632497,0.0,0.0,0.0,1968.0859569779086
2023-11-24,2048.3873945459964,1513.58361842676,2419.7441624595253,2048.3873945459964,2048.3873945459964,-69.9952335428654,-69.9952335428654,-69.9952335428654,-69.9952335428654,-69.9952335428654,-69.9952335428654,0.0,0.0,0.0,1978.392161003131
2023-11-25,2048.9298467377594,1631.2121621318445,2530.7512091847952,2048.9298467377594,2048.9298467377594,10.242979031772954,10.242979031772954,10.242979031772954,10.242979031772954,10.242979031772954,10.242979031772954,0.0,0.0,0.0,2059.172825769532
2023-11-26,2049.4722989295224,1784.7546798587327,2668.0657994177504,2049.4722989295224,2049.4722989295224,168.27080175536875,168.27080175536875,168.27080175536875,168.27080175536875,168.27080175536875,168.27080175536875,0.0,0.0,0.0,2217.743100684891
2023-11-27,2050.0147511212854,1401.8763851875688,2316.1149291855254,2050.0147511212854,2050.0147511212854,-190.15030759335522,-190.15030759335522,-190.15030759335522,-190.15030759335522,-190.15030759335522,-190.15030759335522,0.0,0.0,0.0,1859.8644435279302
2023-11-28,2050.557203313048,1655.3478798865806,2534.71773768604,2050.557203313048,2050.557203313048,76.49658472281148,76.49658472281148,76.49658472281148,76.49658472281148,76.49658472281148,76.49658472281148,0.0,0.0,0.0,2127.0537880358593
2023-11-29,2051.099655351602,1728.7990892703185,2579.852406884415,2051.099655351602,2051.099655351602,84.894161004961,84.894161004961,84.894161004961,84.894161004961,84.894161004961,84.894161004961,0.0,0.0,0.0,2135.993816356563
2023-11-30,2051.6421073901565,1517.0009418251964,2414.216463365747,2051.6421073901565,2051.6421073901565,-79.75898537594627,-79.75898537594627,-79.75898537594627,-79.75898537594627,-79.75898537594627,-79.75898537594627,0.0,0.0,0.0,1971.8831220142104
2023-12-01,2052.18455942871,1549.3016482610294,2425.42200554777,2052.18455942871,2052.18455942871,-69.99523354379778,-69.99523354379778,-69.99523354379778,-69.99523354379778,-69.99523354379778,-69.99523354379778,0.0,0.0,0.0,1982.1893258849123
2023-12-02,2052.7270114672647,1635.8214555191544,2512.8806378424024,2052.7270114672647,2052.7270114672647,10.242979030758054,10.242979030758054,10.242979030758054,10.242979030758054,10.242979030758054,10.242979030758054,0.0,0.0,0.0,2062.9699904980225
2023-12-03,2053.2694635058187,1793.15298348427,2640.544920164686,2053.2694635058187,2053.2694635058187,168.27080175516753,168.27080175516753,168.27080175516753,168.27080175516753,168.27080175516753,168.27080175516753,0.0,0.0,0.0,2221.5402652609864
2023-12-04,2053.811915544668,1456.4868188606074,2289.053096452466,2053.811915544668,2053.811915544668,-190.1503075935719,-190.1503075935719,-190.1503075935719,-190.1503075935719,-190.1503075935719,-190.1503075935719,0.0,0.0,0.0,1863.6616079510961
2023-12-05,2054.354367583517,1698.5184829768282,2544.3770640267303,2054.354367583517,2054.354367583517,76.49658472236555,76.49658472236555,76.49658472236555,76.49658472236555,76.49658472236555,76.49658472236555,0.0,0.0,0.0,2130.850952305883
2023-12-06,2054.8968196223664,1702.939953728982,2558.0860072785995,2054.8968196223664,2054.8968196223664,84.89416100531072,84.89416100531072,84.89416100531072,84.89416100531072,84.89416100531072,84.89416100531072,0.0,0.0,0.0,2139.790980627677
2023-12-07,2055.439271661215,1551.505565430334,2413.8949555510226,2055.439271661215,2055.439271661215,-79.75898537695635,-79.75898537695635,-79.75898537695635,-79.75898537695635,-79.75898537695635,-79.75898537695635,0.0,0.0,0.0,1975.6802862842587
2023-12-08,2055.9817237000643,1556.564385803368,2419.604652152919,2055.9817237000643,2055.9817237000643,-69.99523354355745,-69.99523354355745,-69.99523354355745,-69.99523354355745,-69.99523354355745,-69.99523354355745,0.0,0.0,0.0,1985.986490156507
2023-12-09,2056.5241404311228,1637.540789143145,2476.974986315736,2056.5241404311228,2056.5241404311228,10.242979031171885,10.242979031171885,10.242979031171885,10.242979031171885,10.242979031171885,10.242979031171885,0.0,0.0,0.0,2066.7671194622944
2023-12-10,2057.066557162181,1791.2296409954786,2640.0344456261364,2057.066557162181,2057.066557162181,168.27080175505145,168.27080175505145,168.27080175505145,168.27080175505145,168.27080175505145,168.27080175505145,0.0,0.0,0.0,2225.3373589172325
2023-12-11,2057.6089738932396,1391.237815602025,2305.975123234331,2057.6089738932396,2057.6089738932396,-190.15030759378854,-190.15030759378854,-190.15030759378854,-190.15030759378854,-190.15030759378854,-190.15030759378854,0.0,0.0,0.0,1867.4586662994511
2023-12-12,2058.151390624298,1701.7973435430106,2553.355881826451,2058.151390624298,2058.151390624298,76.49658472204926,76.49658472204926,76.49658472204926,76.49658472204926,76.49658472204926,76.49658472204926,0.0,0.0,0.0,2134.6479753463473
2023-12-13,2058.6938073553565,1698.7105675571845,2583.753947975212,2058.6938073553565,2058.6938073553565,84.89416100541577,84.89416100541577,84.89416100541577,84.89416100541577,84.89416100541577,84.89416100541577,0.0,0.0,0.0,2143.5879683607723
2023-12-14,2059.2355731566627,1542.933039843964,2425.715651859451,2059.2355731566627,2059.2355731566627,-79.75898537657764,-79.75898537657764,-79.75898537657764,-79.75898537657764,-79.75898537657764,-79.75898537657764,0.0,0.0,0.0,1979.476587780085
2023-12-15,2059.7773389579693,1566.0632646654744,2425.9063670003943,2059.7773389579693,2059.7773389579693,-69.99523354391188,-69.99523354391188,-69.99523354391188,-69.99523354391188,-69.99523354391188,-69.99523354391188,0.0,0.0,0.0,1989.7821054140575
2023-12-16,2060.3191047592754,1621.17616535254,2476.9919251407873,2060.3191047592754,2060.3191047592754,10.242979031208405,10.242979031208405,10.242979031208405,10.242979031208405,10.242979031208405,10.242979031208405,0.0,0.0,0.0,2070.562083790484
2023-12-17,2060.8608705605816,1802.976585103984,2672.7874174156486,2060.8608705605816,2060.8608705605816,168.27080175568142,168.27080175568142,168.27080175568142,168.27080175568142,168.27080175568142,168.27080175568142,0.0,0.0,0.0,2229.131672316263
2023-12-18,2061.402566766887,1473.304071716933,2337.1567602088503,2061.402566766887,2061.402566766887,-190.15030759355744,-190.15030759355744,-190.15030759355744,-190.15030759355744,-190.15030759355744,-190.15030759355744,0.0,0.0,0.0,1871.2522591733295
2023-12-19,2061.9442629731925,1702.304983158629,2515.4059178299017,2061.9442629731925,2061.9442629731925,76.49658472160334,76.49658472160334,76.49658472160334,76.49658472160334,76.49658472160334,76.49658472160334,0.0,0.0,0.0,2138.440847694796
2023-12-20,2062.485959179498,1696.1985342567361,2584.6589740596987,2062.485959179498,2062.485959179498,84.89416100486429,84.89416100486429,84.89416100486429,84.89416100486429,84.89416100486429,84.89416100486429,0.0,0.0,0.0,2147.380120184362
2023-12-21,2063.0276553858034,1541.6302265730774,2415.7888310596,2063.0276553858034,2063.0276553858034,-79.75898537689335,-79.75898537689335,-79.75898537689335,-79.75898537689335,-79.75898537689335,-79.75898537689335,0.0,0.0,0.0,1983.26867000891
2023-12-22,2063.569351592109,1524.2285693216318,2445.2057517032144,2063.569351592109,2063.569351592109,-69.99523354426628,-69.99523354426628,-69.99523354426628,-69.99523354426628,-69.99523354426628,-69.99523354426628,0.0,0.0,0.0,1993.5741180478426
2023-12-23,2063.867804402626,1617.0830033839914,2506.3956400048223,2063.867804402626,2063.867804402626,10.242979031622196,10.242979031622196,10.242979031622196,10.242979031622196,10.242979031622196,10.242979031622196,0.0,0.0,0.0,2074.1107834342483
2023-12-24,2064.1662572131436,1797.6386064502612,2662.021659871446,2064.1662572131436,2064.1662572131436,168.27080175556532,168.27080175556532,168.27080175556532,168.27080175556532,168.27080175556532,168.27080175556532,0.0,0.0,0.0,2232.4370589687087
2023-12-25,2064.464710023661,1476.3768393471544,2329.3455589540927,2064.464710023661,2064.464710023661,-190.15030759377407,-190.15030759377407,-190.15030759377407,-190.15030759377407,-190.15030759377407,-190.15030759377407,0.0,0.0,0.0,1874.3144024298872
2023-12-26,2064.7631628341783,1705.3719181645715,2588.058950944683,2064.7631628341783,2064.7631628341783,76.49658472213461,76.49658472213461,76.49658472213461,76.49658472213461,76.49658472213461,76.49658472213461,0.0,0.0,0.0,2141.259747556313
2023-12-27,2065.061615644696,1696.1478989156808,2610.5263704010595,2065.061615644696,2065.061615644696,84.89416100496929,84.89416100496929,84.89416100496929,84.89416100496929,84.89416100496929,84.89416100496929,0.0,0.0,0.0,2149.955776649665
2023-12-28,2064.7403133886173,1549.6267378640994,2403.3317652203964,2064.7403133886173,2064.7403133886173,-79.75898537634095,-79.75898537634095,-79.75898537634095,-79.75898537634095,-79.75898537634095,-79.75898537634095,0.0,0.0,0.0,1984.9813280122764
2023-12-29,2064.419011132539,1543.5853988274334,2459.1365882398336,2064.419011132539,2064.419011132539,-69.99523354343121,-69.99523354343121,-69.99523354343121,-69.99523354343121,-69.99523354343121,-69.99523354343121,0.0,0.0,0.0,1994.4237775891077
2023-12-30,2064.09770887646,1631.265848151289,2496.4386781258545,2064.09770887646,2064.09770887646,10.242979031281413,10.242979031281413,10.242979031281413,10.242979031281413,10.242979031281413,10.242979031281413,0.0,0.0,0.0,2074.340687907741
2023-12-31,2063.7764066203813,1783.3393950179131,2683.5747718981775,2063.7764066203813,2063.7764066203813,168.27080175536412,168.27080175536412,168.27080175536412,168.27080175536412,168.27080175536412,168.27080175536412,0.0,0.0,0.0,2232.0472083757454
2024-01-01,2063.4551043643023,1442.40826454776,2302.513397894433,2063.4551043643023,2063.4551043643023,-190.15030759376685,-190.15030759376685,-190.15030759376685,-190.15030759376685,-190.15030759376685,-190.15030759376685,0.0,0.0,0.0,1873.3047967705354
2024-01-02,2062.1254941247144,1710.7858264254521,2619.888399893787,2062.1254941247144,2062.1254941247144,76.49658472132974,76.49658472132974,76.49658472132974,76.49658472132974,76.49658472132974,76.49658472132974,0.0,0.0,0.0,2138.622078846044
2024-01-03,2060.7958838851255,1713.4732608779022,2596.089475550109,2060.7958838851255,2060.7958838851255,84.8941610044178,84.8941610044178,84.8941610044178,84.8941610044178,84.8941610044178,84.8941610044178,0.0,0.0,0.0,2145.690044889543
2024-01-04,2059.466273645537,1566.3671339215796,2427.9385742499344,2059.466273645537,2059.466273645537,-79.75898537665664,-79.75898537665664,-79.75898537665664,-79.75898537665664,-79.75898537665664,-79.75898537665664,0.0,0.0,0.0,1979.7072882688803
2024-01-05,2058.136663405948,1560.4265143040693,2432.4522944712876,2058.136663405948,2058.136663405948,-69.9952335431741,-69.9952335431741,-69.9952335431741,-69.9952335431741,-69.9952335431741,-69.9952335431741,0.0,0.0,0.0,1988.1414298627742
2024-01-06,2056.8070531663598,1654.4207800328277,2510.6162311651156,2056.8070531663598,2056.8070531663598,10.242979031695215,10.242979031695215,10.242979031695215,10.242979031695215,10.242979031695215,10.242979031695215,0.0,0.0,0.0,2067.050032198055
2024-01-07,2054.2895387721483,1792.024412865532,2642.8405969021237,2054.2895387721483,2054.2895387721483,168.27080175524804,168.27080175524804,168.27080175524804,168.27080175524804,168.27080175524804,168.27080175524804,0.0,0.0,0.0,2222.5603405273964
2024-01-08,2051.772024377937,1425.7195974142392,2283.9109438979467,2051.772024377937,2051.772024377937,-190.1503075935188,-190.1503075935188,-190.1503075935188,-190.1503075935188,-190.1503075935188,-190.1503075935188,0.0,0.0,0.0,1861.6217167844184
2024-01-09,2049.254509983726,1668.9966601493966,2575.5679681048982,2049.254509983726,2049.254509983726,76.49658472137239,76.49658472137239,76.49658472137239,76.49658472137239,76.49658472137239,76.49658472137239,0.0,0.0,0.0,2125.7510947050987
2024-01-10,2046.7369955895153,1664.1383089162377,2580.6773553294947,2046.7369955895153,2046.7369955895153,84.89416100517931,84.89416100517931,84.89416100517931,84.89416100517931,84.89416100517931,84.89416100517931,0.0,0.0,0.0,2131.631156594695
2024-01-11,2043.6360899579533,1527.5924845205443,2371.817664005655,2043.6360899579533,2043.6360899579533,-79.75898537627793,-79.75898537627793,-79.75898537627793,-79.75898537627793,-79.75898537627793,-79.75898537627793,0.0,0.0,0.0,1963.8771045816754
2024-01-12,2040.535184326391,1568.0855674451238,2435.2935653862264,2040.535184326391,2040.535184326391,-69.99523354352851,-69.99523354352851,-69.99523354352851,-69.99523354352851,-69.99523354352851,-69.99523354352851,0.0,0.0,0.0,1970.5399507828624
2024-01-13,2037.434278694829,1627.6014340491083,2504.0647243012754,2037.434278694829,2037.434278694829,10.242979031057626,10.242979031057626,10.242979031057626,10.242979031057626,10.242979031057626,10.242979031057626,0.0,0.0,0.0,2047.6772577258864
2024-01-14,2034.333373063267,1764.7932391795302,2606.502985357606,2034.333373063267,2034.333373063267,168.27080175504682,168.27080175504682,168.27080175504682,168.27080175504682,168.27080175504682,168.27080175504682,0.0,0.0,0.0,2202.604174818314
2024-01-15,2031.232467431705,1400.2554122746358,2280.159877593596,2031.232467431705,2031.232467431705,-190.15030759351154,-190.15030759351154,-190.15030759351154,-190.15030759351154,-190.15030759351154,-190.15030759351154,0.0,0.0,0.0,1841.0821598381933
2024-01-16,2028.0680405716275,1667.6469573055613,2553.146428558589,2028.0680405716275,2028.0680405716275,76.49658472141508,76.49658472141508,76.49658472141508,76.49658472141508,76.49658472141508,76.49658472141508,0.0,0.0,0.0,2104.564625293043
2024-01-17,2024.90361371155,1676.0079985859668,2559.4775868130723,2024.90361371155,2024.90361371155,84.89416100462782,84.89416100462782,84.89416100462782,84.89416100462782,84.89416100462782,84.89416100462782,0.0,0.0,0.0,2109.7977747161776
2024-01-18,2021.7391868514728,1499.3839197580544,2370.788962138753,2021.7391868514728,2021.7391868514728,-79.75898537659363,-79.75898537659363,-79.75898537659363,-79.75898537659363,-79.75898537659363,-79.75898537659363,0.0,0.0,0.0,1941.980201474879
2024-01-19,2018.5747599913955,1516.0450132443686,2334.202054470922,2018.5747599913955,2018.5747599913955,-69.99523354388293,-69.99523354388293,-69.99523354388293,-69.99523354388293,-69.99523354388293,-69.99523354388293,0.0,0.0,0.0,1948.5795264475125
2024-01-20,2015.410333131318,1560.0992336675363,2421.1651388282385,2015.410333131318,2015.410333131318,10.242979031094146,10.242979031094146,10.242979031094146,10.242979031094146,10.242979031094146,10.242979031094146,0.0,0.0,0.0,2025.6533121624122
2024-01-21,2012.1559506606739,1706.3866212277185,2636.616879477166,2012.1559506606739,2012.1559506606739,168.27080175501587,168.27080175501587,168.27080175501587,168.27080175501587,168.27080175501587,168.27080175501587,0.0,0.0,0.0,2180.42675241569
2024-01-22,2008.9015681900296,1397.6243810040664,2223.300575206606,2008.9015681900296,2008.9015681900296,-190.1503075935043,-190.1503075935043,-190.1503075935043,-190.1503075935043,-190.1503075935043,-190.1503075935043,0.0,0.0,0.0,1818.7512605965253
2024-01-23,2005.6471857193853,1596.3448588221943,2521.6675497361925,2005.6471857193853,2005.6471857193853,76.49658472194632,76.49658472194632,76.49658472194632,76.49658472194632,76.49658472194632,76.49658472194632,0.0,0.0,0.0,2082.1437704413315
2024-01-24,2002.392803248741,1634.379576294153,2488.8048315296155,2002.392803248741,2002.392803248741,84.89416100497753,84.89416100497753,84.89416100497753,84.89416100497753,84.89416100497753,84.89416100497753,0.0,0.0,0.0,2087.2869642537185
2024-01-25,1999.1384207780966,1515.7674016027065,2358.834299873799,1999.1384207780966,1999.1384207780966,-79.75898537621494,-79.75898537621494,-79.75898537621494,-79.75898537621494,-79.75898537621494,-79.75898537621494,0.0,0.0,0.0,1919.3794354018817
2024-01-26,1995.8840382357,1503.4006117291835,2351.0040401323236,1995.8840382357,1995.8840382357,-69.99523354364258,-69.99523354364258,-69.99523354364258,-69.99523354364258,-69.99523354364258,-69.99523354364258,0.0,0.0,0.0,1925.8888046920574
2024-01-27,1992.6296556933034,1578.675499550334,2435.579396972744,1992.6296556933034,1992.6296556933034,10.242979031130636,10.242979031130636,10.242979031130636,10.242979031130636,10.242979031130636,10.242979031130636,0.0,0.0,0.0,2002.8726347244342
2024-01-28,1989.3752731509067,1734.5272659253073,2599.4458451615906,1989.3752731509067,1989.3752731509067,168.27080175481467,168.27080175481467,168.27080175481467,168.27080175481467,168.27080175481467,168.27080175481467,0.0,0.0,0.0,2157.6460749057214
2024-01-29,1986.1208906085103,1362.3776392061054,2230.8224942253973,1986.1208906085103,1986.1208906085103,-190.15030759325623,-190.15030759325623,-190.15030759325623,-190.15030759325623,-190.15030759325623,-190.15030759325623,0.0,0.0,0.0,1795.970583015254
2024-01-30,1982.8665080661137,1612.8410759215822,2499.647406884496,1982.8665080661137,1982.8665080661137,76.49658472247758,76.49658472247758,76.49658472247758,76.49658472247758,76.49658472247758,76.49658472247758,0.0,0.0,0.0,2059.3630927885915
2024-01-31,1979.6121253317676,1638.0616895601192,2491.7387105426715,1979.6121253317676,1979.6121253317676,84.89416100508257,84.89416100508257,84.89416100508257,84.89416100508257,84.89416100508257,84.89416100508257,0.0,0.0,0.0,2064.5062863368503
2024-02-01,1976.3577425974217,1458.7299906757908,2317.4667020916218,1976.3577425974217,1976.3577425974217,-79.75898537705135,-79.75898537705135,-79.75898537705135,-79.75898537705135,-79.75898537705135,-79.75898537705135,0.0,0.0,0.0,1896.5987572203703
2024-02-02,1973.1033598630759,1457.0070271210268,2335.2083223471445,1973.1033598630759,1973.1033598630759,-69.99523354340225,-69.99523354340225,-69.99523354340225,-69.99523354340225,-69.99523354340225,-69.99523354340225,0.0,0.0,0.0,1903.1081263196736
2024-02-03,1969.8489771287295,1536.0178517307245,2379.824846017108,1969.8489771287295,1969.8489771287295,10.242979031544447,10.242979031544447,10.242979031544447,10.242979031544447,10.242979031544447,10.242979031544447,0.0,0.0,0.0,1980.0919561602739
2024-02-04,1966.5945942690446,1687.2740525295596,2559.6141802304355,1966.5945942690446,1966.5945942690446,168.27080175544464,168.27080175544464,168.27080175544464,168.27080175544464,168.27080175544464,168.27080175544464,0.0,0.0,0.0,2134.865396024489
2024-02-05,1963.3402114093594,1325.200232422682,2220.2731687677415,1963.3402114093594,1963.3402114093594,-190.15030759347292,-190.15030759347292,-190.15030759347292,-190.15030759347292,-190.15030759347292,-190.15030759347292,0.0,0.0,0.0,1773.1899038158865
2024-02-06,1960.085828549674,1604.2029030787153,2472.0937661036774,1960.085828549674,1960.085828549674,76.49658472252025,76.49658472252025,76.49658472252025,76.49658472252025,76.49658472252025,76.49658472252025,0.0,0.0,0.0,2036.5824132721943
2024-02-07,1956.831445689989,1652.7077122099984,2445.7278120094816,1956.831445689989,1956.831445689989,84.89416100518757,84.89416100518757,84.89416100518757,84.89416100518757,84.89416100518757,84.89416100518757,0.0,0.0,0.0,2041.7256066951766
2024-02-08,1953.5770628303044,1432.0661342389644,2306.074555530295,1953.5770628303044,1953.5770628303044,-79.75898537667263,-79.75898537667263,-79.75898537667263,-79.75898537667263,-79.75898537667263,-79.75898537667263,0.0,0.0,0.0,1873.8180774536318
2024-02-09,1950.3226799020765,1446.7122123170047,2308.910523294011,1950.3226799020765,1950.3226799020765,-69.99523354373989,-69.99523354373989,-69.99523354373989,-69.99523354373989,-69.99523354373989,-69.99523354373989,0.0,0.0,0.0,1880.3274463583366
2024-02-10,1947.0682969738486,1525.9878604074117,2407.636367769489,1947.0682969738486,1947.0682969738486,10.242979031958267,10.242979031958267,10.242979031958267,10.242979031958267,10.242979031958267,10.242979031958267,0.0,0.0,0.0,1957.3112760058068
2024-02-11,1943.8139140456208,1667.5567815920774,2538.741215616888,1943.8139140456208,1943.8139140456208,168.27080175532853,168.27080175532853,168.27080175532853,168.27080175532853,168.27080175532853,168.27080175532853,0.0,0.0,0.0,2112.084715800949
2024-02-12,1940.5595311173927,1347.2413407894273,2198.8064747918042,1940.5595311173927,1940.5595311173927,-190.15030759324176,-190.15030759324176,-190.15030759324176,-190.15030759324176,-190.15030759324176,-190.15030759324176,0.0,0.0,0.0,1750.409223524151
2024-02-13,1937.305148189165,1563.1704293424705,2427.4959991692294,1937.305148189165,1937.305148189165,76.49658472256293,76.49658472256293,76.49658472256293,76.49658472256293,76.49658472256293,76.49658472256293,0.0,0.0,0.0,2013.8017329117279
2024-02-14,1934.0507652583074,1557.399127983536,2453.386239243402,1934.0507652583074,1934.0507652583074,84.89416100463606,84.89416100463606,84.89416100463606,84.89416100463606,84.89416100463606,84.89416100463606,0.0,0.0,0.0,2018.9449262629435
2024-02-15,1930.7963823274497,1427.436755380808,2302.62181350328,1930.7963823274497,1930.7963823274497,-79.75898537698832,-79.75898537698832,-79.75898537698832,-79.75898537698832,-79.75898537698832,-79.75898537698832,0.0,0.0,0.0,1851.0373969504615
2024-02-16,1927.541999396592,1420.9020633133155,2294.8983609779216,1927.541999396592,1927.541999396592,-69.9952335440943,-69.9952335440943,-69.9952335440943,-69.9952335440943,-69.9952335440943,-69.9952335440943,0.0,0.0,0.0,1857.5467658524976
2024-02-17,1924.2876164657346,1499.3416758655508,2354.1621207080234,1924.2876164657346,1924.2876164657346,10.242979031994777,10.242979031994777,10.242979031994777,10.242979031994777,10.242979031994777,10.242979031994777,0.0,0.0,0.0,1934.5305954977293
2024-02-18,1921.033233534877,1637.8800808300946,2520.6927948438856,1921.033233534877,1921.033233534877,168.27080175521246,168.27080175521246,168.27080175521246,168.27080175521246,168.27080175521246,168.27080175521246,0.0,0.0,0.0,2089.3040352900894
2024-02-19,1917.7788507057076,1270.3807217992237,2174.528550411545,1917.7788507057076,1917.7788507057076,-190.15030759345842,-190.15030759345842,-190.15030759345842,-190.15030759345842,-190.15030759345842,-190.15030759345842,0.0,0.0,0.0,1727.6285431122492
2024-02-20,1914.5244678765378,1591.1457349316852,2440.351352098123,1914.5244678765378,1914.5244678765378,76.49658472175804,76.49658472175804,76.49658472175804,76.49658472175804,76.49658472175804,76.49658472175804,0.0,0.0,0.0,1991.0210525982957
2024-02-21,1911.2700850473684,1567.3096557128542,2406.7185817190903,1911.2700850473684,1911.2700850473684,84.89416100408461,84.89416100408461,84.89416100408461,84.89416100408461,84.89416100408461,84.89416100408461,0.0,0.0,0.0,1996.1642460514531
2024-02-22,1908.015702218199,1355.2731375856422,2240.614486691392,1908.015702218199,1908.015702218199,-79.75898537660962,-79.75898537660962,-79.75898537660962,-79.75898537660962,-79.75898537660962,-79.75898537660962,0.0,0.0,0.0,1828.2567168415894
2024-02-23,1904.76131938903,1431.164953737755,2327.041606419791,1904.76131938903,1904.76131938903,-69.99523354325925,-69.99523354325925,-69.99523354325925,-69.99523354325925,-69.99523354325925,-69.99523354325925,0.0,0.0,0.0,1834.7660858457707
2024-02-24,1901.5069368532675,1491.4293582984947,2373.279967798371,1901.5069368532675,1901.5069368532675,10.242979032031286,10.242979032031286,10.242979032031286,10.242979032031286,10.242979032031286,10.242979032031286,0.0,0.0,0.0,1911.7499158852988
2024-02-25,1898.252554317505,1609.5881521103847,2508.780995436651,1898.252554317505,1898.252554317505,168.2708017558424,168.2708017558424,168.2708017558424,168.2708017558424,168.2708017558424,168.2708017558424,0.0,0.0,0.0,2066.5233560733473
2024-02-26,1894.9981717817427,1281.4415098044424,2149.2548602959437,1894.9981717817427,1894.9981717817427,-190.15030759345115,-190.15030759345115,-190.15030759345115,-190.15030759345115,-190.15030759345115,-190.15030759345115,0.0,0.0,0.0,1704.8478641882916
2024-02-27,1891.74378924598,1531.8153174901643,2389.6004823565877,1891.74378924598,1891.74378924598,76.4965847222893,76.4965847222893,76.4965847222893,76.4965847222893,76.4965847222893,76.4965847222893,0.0,0.0,0.0,1968.2403739682693
2024-02-28,1888.4894067521366,1538.2229064411713,2399.5487003879603,1888.4894067521366,1888.4894067521366,84.89416100509084,84.89416100509084,84.89416100509084,84.89416100509084,84.89416100509084,84.89416100509084,0.0,0.0,0.0,1973.3835677572274
2024-02-29,1885.2350242582934,1348.6649583225721,2215.187362002898,1885.2350242582934,1885.2350242582934,-79.75898537692531,-79.75898537692531,-79.75898537692531,-79.75898537692531,-79.75898537692531,-79.75898537692531,0.0,0.0,0.0,1805.4760388813681
2024-03-01,1881.98064176445,1375.2345858837655,2279.922706098371,1881.98064176445,1881.98064176445,-69.99523354361367,-69.99523354361367,-69.99523354361367,-69.99523354361367,-69.99523354361367,-69.99523354361367,0.0,0.0,0.0,1811.9854082208362
2024-03-02,1878.726259270607,1484.0383015459743,2341.165750390817,1878.726259270607,1878.726259270607,10.242979031393709,10.242979031393709,10.242979031393709,10.242979031393709,10.242979031393709,10.242979031393709,0.0,0.0,0.0,1888.9692383020008
2024-03-03,1875.4718767767638,1602.6677398655493,2477.95662523668,1875.4718767767638,1875.4718767767638,168.27080175572632,168.27080175572632,168.27080175572632,168.27080175572632,168.27080175572632,168.27080175572632,0.0,0.0,0.0,2043.7426785324901
2024-03-04,1872.2174942630422,1291.0369489207897,2142.079878178033,1872.2174942630422,1872.2174942630422,-190.15030759366786,-190.15030759366786,-190.15030759366786,-190.15030759366786,-190.15030759366786,-190.15030759366786,0.0,0.0,0.0,1682.0671866693745
2024-03-05,1868.9631117493204,1504.8632151333704,2383.048756647776,1868.9631117493204,1868.9631117493204,76.49658472184339,76.49658472184339,76.49658472184339,76.49658472184339,76.49658472184339,76.49658472184339,0.0,0.0,0.0,1945.4596964711639
2024-03-06,1865.7087292355989,1523.943784868441,2375.4597874377764,1865.7087292355989,1865.7087292355989,84.89416100585234,84.89416100585234,84.89416100585234,84.89416100585234,84.89416100585234,84.89416100585234,0.0,0.0,0.0,1950.6028902414512
2024-03-07,1862.4543467218768,1339.8806530331315,2212.5159593609314,1862.4543467218768,1862.4543467218768,-79.75898537637293,-79.75898537637293,-79.75898537637293,-79.75898537637293,-79.75898537637293,-79.75898537637293,0.0,0.0,0.0,1782.695361345504
2024-03-08,1859.1999642081553,1307.6816927730024,2223.4545766735796,1859.1999642081553,1859.1999642081553,-69.99523354337332,-69.99523354337332,-69.99523354337332,-69.99523354337332,-69.99523354337332,-69.99523354337332,0.0,0.0,0.0,1789.204730664782
2024-03-09,1855.945582045247,1412.8274814225651,2298.5036424376804,1855.945582045247,1855.945582045247,10.2429790318075,10.2429790318075,10.2429790318075,10.2429790318075,10.2429790318075,10.2429790318075,0.0,0.0,0.0,1866.1885610770544
2024-03-10,1852.6911998823384,1557.6043078004734,2475.420471334579,1852.6911998823384,1852.6911998823384,168.27080175552513,168.27080175552513,168.27080175552513,168.27080175552513,168.27080175552513,168.27080175552513,0.0,0.0,0.0,2020.9620016378635
2024-03-11,1849.43681771943,1207.369788205615,2117.8314619004864,1849.43681771943,1849.43681771943,-190.15030759366056,-190.15030759366056,-190.15030759366056,-190.15030759366056,-190.15030759366056,-190.15030759366056,0.0,0.0,0.0,1659.2865101257696
2024-03-12,1846.182435556522,1476.3441649608128,2348.7750992863384,1846.182435556522,1846.182435556522,76.49658472237464,76.49658472237464,76.49658472237464,76.49658472237464,76.49658472237464,76.49658472237464,0.0,0.0,0.0,1922.6790202788966
2024-03-13,1842.9280533936137,1517.853310313475,2370.241797690723,1842.9280533936137,1842.9280533936137,84.89416100530084,84.89416100530084,84.89416100530084,84.89416100530084,84.89416100530084,84.89416100530084,0.0,0.0,0.0,1927.8222143989146
2024-03-14,1839.6736712307054,1302.9748777444347,2175.756847917982,1839.6736712307054,1839.6736712307054,-79.75898537668861,-79.75898537668861,-79.75898537668861,-79.75898537668861,-79.75898537668861,-79.75898537668861,0.0,0.0,0.0,1759.9146858540169
2024-03-15,1836.4192890677969,1319.5250013463267,2213.1061164327352,1836.4192890677969,1836.4192890677969,-69.99523354372775,-69.99523354372775,-69.99523354372775,-69.99523354372775,-69.99523354372775,-69.99523354372775,0.0,0.0,0.0,1766.424055524069
2024-03-16,1833.1649069048885,1398.0642556814955,2281.1209768268163,1833.1649069048885,1833.1649069048885,10.242979031466728,10.242979031466728,10.242979031466728,10.242979031466728,10.242979031466728,10.242979031466728,0.0,0.0,0.0,1843.4078859363553
2024-03-17,1829.9105247419802,1568.2932437493255,2429.7149123260633,1829.9105247419802,1829.9105247419802,168.27080175549415,168.27080175549415,168.27080175549415,168.27080175549415,168.27080175549415,168.27080175549415,0.0,0.0,0.0,1998.1813264974744
2024-03-18,1826.656142579072,1230.6987649549753,2094.0324735637605,1826.656142579072,1826.656142579072,-190.1503075934125,-190.1503075934125,-190.1503075934125,-190.1503075934125,-190.1503075934125,-190.1503075934125,0.0,0.0,0.0,1636.5058349856595
2024-03-19,1823.4017604161638,1455.9431993145126,2333.2640818953523,1823.4017604161638,1823.4017604161638,76.49658472241731,76.49658472241731,76.49658472241731,76.49658472241731,76.49658472241731,76.49658472241731,0.0,0.0,0.0,1899.8983451385811
2024-03-20,1820.1473782532553,1490.9442458975627,2346.06695907124,1820.1473782532553,1820.1473782532553,84.89416100474934,84.89416100474934,84.89416100474934,84.89416100474934,84.89416100474934,84.89416100474934,0.0,0.0,0.0,1905.0415392580046
2024-03-21,1816.892996090347,1319.5486804350207,2207.417451499613,1816.892996090347,1816.892996090347,-79.75898537630991,-79.75898537630991,-79.75898537630991,-79.75898537630991,-79.75898537630991,-79.75898537630991,0.0,0.0,0.0,1737.134010714037
2024-03-22,1813.6386139274387,1285.10249788995,2197.2688812293445,1813.6386139274387,1813.6386139274387,-69.9952335434874,-69.9952335434874,-69.9952335434874,-69.9952335434874,-69.9952335434874,-69.9952335434874,0.0,0.0,0.0,1743.6433803839514
2024-03-23,1810.38423176453,1405.595154483218,2236.3431218055694,1810.38423176453,1810.38423176453,10.242979031206431,10.242979031206431,10.242979031206431,10.242979031206431,10.242979031206431,10.242979031206431,0.0,0.0,0.0,1820.6272107957366
2024-03-24,1807.1298496016218,1488.794634391867,2393.900105407026,1807.1298496016218,1807.1298496016218,168.27080175529295,168.27080175529295,168.27080175529295,168.27080175529295,168.27080175529295,168.27080175529295,0.0,0.0,0.0,1975.4006513569148
2024-03-25,1803.8754674387135,1166.133772428092,2073.67150128808,1803.8754674387135,1803.8754674387135,-190.15030759340527,-190.15030759340527,-190.15030759340527,-190.15030759340527,-190.15030759340527,-190.15030759340527,0.0,0.0,0.0,1613.725159845308
2024-03-26,1800.6210852758054,1421.9974037293453,2294.122263192561,1800.6210852758054,1800.6210852758054,76.49658472294858,76.49658472294858,76.49658472294858,76.49658472294858,76.49658472294858,76.49658472294858,0.0,0.0,0.0,1877.117669998754
2024-03-27,1797.3667031128966,1461.3040996017514,2333.3550011395414,1797.3667031128966,1797.3667031128966,84.89416100485437,84.89416100485437,84.89416100485437,84.89416100485437,84.89416100485437,84.89416100485437,0.0,0.0,0.0,1882.260864117751
2024-03-28,1794.1123209499885,1260.5836488708562,2151.490360332707,1794.1123209499885,1794.1123209499885,-79.75898537732,-79.75898537732,-79.75898537732,-79.75898537732,-79.75898537732,-79.75898537732,0.0,0.0,0.0,1714.3533355726686
2024-03-29,1790.8579387870802,1332.9458873297147,2189.1823979509627,1790.8579387870802,1790.8579387870802,-69.99523354382502,-69.99523354382502,-69.99523354382502,-69.99523354382502,-69.99523354382502,-69.99523354382502,0.0,0.0,0.0,1720.8627052432553
2024-03-30,1787.603556624172,1364.5165188530966,2227.522606657767,1787.603556624172,1787.603556624172,10.24297903086563,10.24297903086563,10.24297903086563,10.24297903086563,10.24297903086563,10.24297903086563,0.0,0.0,0.0,1797.8465356550375
2024-03-31,1784.3491744612634,1501.4209680123715,2419.191256651094,1784.3491744612634,1784.3491744612634,168.27080175509172,168.27080175509172,168.27080175509172,168.27080175509172,168.27080175509172,168.27080175509172,0.0,0.0,0.0,1952.619976216355
2024-04-01,1781.094792298355,1172.9348268716901,2052.0990186238555,1781.094792298355,1781.094792298355,-190.15030759362193,-190.15030759362193,-190.15030759362193,-190.15030759362193,-190.15030759362193,-190.15030759362193,0.0,0.0,0.0,1590.9444847047332
2024-04-02,1777.840410135447,1430.0055160713916,2273.0475637258205,1777.840410135447,1777.840410135447,76.4965847216551,76.4965847216551,76.4965847216551,76.4965847216551,76.4965847216551,76.4965847216551,0.0,0.0,0.0,1854.3369948571021
2024-04-03,1774.5860279725384,1422.4558848841698,2274.0490983925,1774.5860279725384,1774.5860279725384,84.89416100454757,84.89416100454757,84.89416100454757,84.89416100454757,84.89416100454757,84.89416100454757,0.0,0.0,0.0,1859.480188977086
2024-04-04,1771.3316458096303,1218.2195039320459,2138.9149354540814,1771.3316458096303,1771.3316458096303,-79.7589853769413,-79.7589853769413,-79.7589853769413,-79.7589853769413,-79.7589853769413,-79.7589853769413,0.0,0.0,0.0,1691.572660432689
2024-04-05,1768.0772636467218,1247.4570743196496,2128.280280322547,1768.0772636467218,1768.0772636467218,-69.9952335435847,-69.9952335435847,-69.9952335435847,-69.9952335435847,-69.9952335435847,-69.9952335435847,0.0,0.0,0.0,1698.0820301031372
2024-04-06,1764.8228814838135,1306.3167422045547,2203.8239357812445,1764.8228814838135,1764.8228814838135,10.24297903127945,10.24297903127945,10.24297903127945,10.24297903127945,10.24297903127945,10.24297903127945,0.0,0.0,0.0,1775.065860515093
2024-04-07,1761.5684993209052,1521.8412926198928,2342.2799961031274,1761.5684993209052,1761.5684993209052,168.27080175497565,168.27080175497565,168.27080175497565,168.27080175497565,168.27080175497565,168.27080175497565,0.0,0.0,0.0,1929.839301075881
2024-04-08,1758.3141171579966,1131.9393856711883,1991.764404746997,1758.3141171579966,1758.3141171579966,-190.15030759339078,-190.15030759339078,-190.15030759339078,-190.15030759339078,-190.15030759339078,-190.15030759339078,0.0,0.0,0.0,1568.1638095646058
2024-04-09,1755.0597349950883,1411.8647134191933,2245.1567215204523,1755.0597349950883,1755.0597349950883,76.49658472169777,76.49658472169777,76.49658472169777,76.49658472169777,76.49658472169777,76.49658472169777,0.0,0.0,0.0,1831.556319716786
2024-04-10,1751.80535283218,1385.3239457990487,2310.8604964481447,1751.7483440052827,1751.8409016948717,84.8941610053091,84.8941610053091,84.8941610053091,84.8941610053091,84.8941610053091,84.8941610053091,0.0,0.0,0.0,1836.6995138374891
2024-04-11,1748.550970669272,1250.1757677341518,2116.6894247702494,1748.3877482630205,1748.6700392017626,-79.75898537656259,-79.75898537656259,-79.75898537656259,-79.75898537656259,-79.75898537656259,-79.75898537656259,0.0,0.0,0.0,1668.7919852927093
2024-04-12,1745.2965885063636,1236.4206708941902,2095.9552075167735,1744.982227738128,1745.5369574633446,-69.99523354334436,-69.99523354334436,-69.99523354334436,-69.99523354334436,-69.99523354334436,-69.99523354334436,0.0,0.0,0.0,1675.3013549630193
2024-04-13,1742.042206343455,1295.1348293973642,2148.3827970351836,1741.5264064072016,1742.4417824661023,10.24297903131595,10.24297903131595,10.24297903131595,10.24297903131595,10.24297903131595,10.24297903131595,0.0,0.0,0.0,1752.2851853747711
2024-04-14,1738.7878241805467,1474.5726009726272,2343.0684898697323,1738.057651738496,1739.3846902472776,168.2708017555205,168.2708017555205,168.2708017555205,168.2708017555205,168.2708017555205,168.2708017555205,0.0,0.0,0.0,1907.0586259360673
2024-04-15,1735.5334420176384,1095.0665245378018,2022.7989639248965,1734.5713000084672,1736.3775443620486,-190.1503075936074,-190.1503075936074,-190.1503075936074,-190.1503075936074,-190.1503075936074,-190.1503075936074,0.0,0.0,0.0,1545.3831344240311
2024-04-16,1732.27905985473,1358.6605932479868,2267.876973112152,1731.073682389191,1733.355126395391,76.49658472174045,76.49658472174045,76.49658472174045,76.49658472174045,76.49658472174045,76.49658472174045,0.0,0.0,0.0,1808.7756445764703
2024-04-17,1729.0246776918216,1402.7111443202896,2241.203975659512,1727.591533026373,1730.3306163687712,84.8941610047576,84.8941610047576,84.8941610047576,84.8941610047576,84.8941610047576,84.8941610047576,0.0,0.0,0.0,1813.918838696579
2024-04-18,1725.7702955289135,1214.9588286402216,2034.0758053310371,1724.0769335678135,1727.3787884270068,-79.75898537687829,-79.75898537687829,-79.75898537687829,-79.75898537687829,-79.75898537687829,-79.75898537687829,0.0,0.0,0.0,1646.011310152035
2024-04-19,1722.5159133660052,1205.7987107089486,2077.2340786899163,1720.5261984087497,1724.4371074816709,-69.995233543682,-69.995233543682,-69.995233543682,-69.995233543682,-69.995233543682,-69.995233543682,0.0,0.0,0.0,1652.5206798223232
2024-04-20,1719.2615312030969,1278.1639716361929,2155.2613952432307,1716.947848951226,1721.470461698986,10.24297903135247,10.24297903135247,10.24297903135247,10.24297903135247,10.24297903135247,10.24297903135247,0.0,0.0,0.0,1729.5045102344493
2024-04-21,1716.0071490401883,1454.4879622039875,2325.3444587622143,1713.393712643789,1718.4948702844417,168.27080175548954,168.27080175548954,168.27080175548954,168.27080175548954,168.27080175548954,168.27080175548954,0.0,0.0,0.0,1884.277950795678
2024-04-22,1712.75276687728,1092.0434210115575,1928.9745976916736,1709.782069450359,1715.536090617464,-190.1503075938241,-190.1503075938241,-190.1503075938241,-190.1503075938241,-190.1503075938241,-190.1503075938241,0.0,0.0,0.0,1522.602459283456